Timestamp,Gesture,Status,Action,Result
2025-03-30 15:18:02,wave,executed,wave,successful
2025-03-30 15:18:04,wave,executed,wave,successful
2025-03-30 15:18:06,wave,executed,wave,successful
2025-03-30 15:18:08,wave,executed,wave,successful
2025-03-30 15:18:10,wave,executed,wave,successful
2025-03-30 15:18:12,peace,executed,peace,successful
2025-03-30 15:18:14,peace,executed,peace,successful
2025-03-30 15:18:15,point,executed,point,successful
2025-03-30 15:18:15,peace,executed,peace,successful
2025-03-30 15:18:17,peace,executed,peace,successful
2025-03-30 15:18:19,peace,executed,peace,successful
2025-03-30 15:18:21,peace,executed,peace,successful
2025-03-30 15:18:23,peace,executed,peace,successful
2025-03-30 15:18:23,point,executed,point,successful
2025-03-30 15:18:25,point,executed,point,successful
2025-03-30 15:18:27,point,executed,point,successful
2025-03-30 15:18:29,point,executed,point,successful
2025-03-30 15:18:31,point,executed,point,successful
2025-03-30 15:18:33,point,executed,point,successful
2025-03-30 15:18:35,point,executed,point,successful
2025-03-30 15:18:37,point,executed,point,successful
2025-03-30 15:18:38,peace,executed,peace,successful
2025-03-30 15:18:40,peace,executed,peace,successful
2025-03-30 15:18:40,point,executed,point,successful
2025-03-30 15:18:42,peace,executed,peace,successful
2025-03-30 15:18:43,point,executed,point,successful
2025-03-30 15:18:45,peace,executed,peace,successful
2025-03-30 15:18:47,point,executed,point,successful
2025-03-30 15:18:49,point,executed,point,successful
2025-03-30 15:18:50,peace,executed,peace,successful
2025-03-30 15:18:51,point,executed,point,successful
2025-03-30 15:18:53,peace,executed,peace,successful
2025-03-30 15:18:53,wave,executed,wave,successful
2025-03-30 15:18:55,wave,executed,wave,successful
2025-03-30 15:18:57,wave,executed,wave,successful
2025-03-30 15:18:59,peace,executed,peace,successful
2025-03-30 15:18:59,wave,executed,wave,successful
2025-03-30 15:19:01,peace,executed,peace,successful
2025-03-30 15:19:01,point,executed,point,successful
2025-03-30 15:19:01,wave,executed,wave,successful
2025-03-30 15:19:03,wave,executed,wave,successful
2025-03-30 15:19:05,wave,executed,wave,successful
2025-03-30 15:19:06,wave,executed,wave,successful
2025-03-30 15:19:08,point,executed,point,successful
2025-03-30 15:19:26,wave,executed,wave,successful
2025-03-30 15:19:28,wave,executed,wave,successful
2025-03-30 15:19:33,peace,executed,peace,successful
2025-03-30 15:19:35,peace,executed,peace,successful
2025-03-30 15:19:37,wave,executed,wave,successful
2025-03-30 15:19:38,peace,executed,peace,successful
2025-03-30 15:19:39,peace,executed,peace,successful
2025-03-30 15:19:41,peace,executed,peace,successful
2025-03-30 15:19:43,peace,executed,peace,successful
2025-03-30 15:19:45,peace,executed,peace,successful
2025-03-30 15:19:47,peace,executed,peace,successful
2025-03-30 15:19:49,peace,executed,peace,successful
2025-03-30 15:19:51,peace,executed,peace,successful
2025-03-30 15:19:53,peace,executed,peace,successful
2025-03-30 15:19:55,peace,executed,peace,successful
2025-03-30 15:19:57,peace,executed,peace,successful
2025-03-30 15:19:59,peace,executed,peace,successful
2025-03-30 15:20:02,peace,executed,peace,successful
2025-03-30 15:20:02,point,executed,point,successful
2025-03-30 15:20:04,point,executed,point,successful
2025-03-30 15:20:06,point,executed,point,successful
2025-03-30 15:20:07,peace,executed,peace,successful
2025-03-30 15:20:07,point,executed,point,successful
2025-03-30 15:20:09,point,executed,point,successful
2025-03-30 15:20:09,peace,executed,peace,successful
2025-03-30 15:20:09,point,executed,point,successful
2025-03-30 15:20:09,peace,executed,peace,successful
2025-03-30 15:20:10,point,executed,point,successful
2025-03-30 15:20:10,peace,executed,peace,successful
2025-03-30 15:20:10,point,executed,point,successful
2025-03-30 15:20:11,peace,executed,peace,successful
2025-03-30 15:20:11,point,executed,point,successful
2025-03-30 15:20:12,peace,executed,peace,successful
2025-03-30 15:20:12,wave,executed,wave,successful
2025-03-30 15:20:14,point,executed,point,successful
2025-03-30 15:20:15,point,executed,point,successful
2025-03-30 15:20:17,point,executed,point,successful
2025-03-30 15:20:19,point,executed,point,successful
2025-03-30 15:20:21,point,executed,point,successful
2025-03-30 15:20:23,point,executed,point,successful
2025-03-30 15:20:25,point,executed,point,successful
2025-03-30 15:20:27,wave,executed,wave,successful
2025-03-30 15:20:29,wave,executed,wave,successful
2025-03-30 15:20:31,point,executed,point,successful
2025-03-30 15:20:33,point,executed,point,successful
2025-03-30 15:20:34,peace,executed,peace,successful
2025-03-30 15:20:36,peace,executed,peace,successful
2025-03-30 15:20:39,peace,executed,peace,successful
2025-03-30 15:20:40,point,executed,point,successful
2025-03-30 15:20:42,point,executed,point,successful
2025-03-30 15:20:44,peace,executed,peace,successful
2025-03-30 15:20:46,peace,executed,peace,successful
2025-03-30 15:20:48,peace,executed,peace,successful
2025-03-30 15:20:50,peace,executed,peace,successful
2025-03-30 15:20:52,peace,executed,peace,successful
2025-03-30 15:20:54,peace,executed,peace,successful
2025-03-30 15:20:55,point,executed,point,successful
2025-03-30 15:20:58,point,executed,point,successful
2025-03-30 15:21:00,point,executed,point,successful
2025-03-30 15:21:00,peace,executed,peace,successful
2025-03-30 15:21:02,peace,executed,peace,successful
2025-03-30 15:21:04,peace,executed,peace,successful
2025-03-30 15:21:06,peace,executed,peace,successful
2025-03-30 15:21:08,peace,executed,peace,successful
2025-03-30 15:21:09,point,executed,point,successful
2025-03-30 15:21:10,wave,executed,wave,successful
2025-03-30 15:21:12,peace,executed,peace,successful
2025-03-30 15:21:13,peace,executed,peace,successful
2025-03-30 15:21:16,wave,executed,wave,successful
2025-03-30 15:21:18,point,executed,point,successful
2025-03-30 15:21:18,peace,executed,peace,successful
2025-03-30 15:21:18,peace,executed,peace,successful
2025-03-30 15:21:20,wave,executed,wave,successful
2025-03-30 15:21:21,peace,executed,peace,successful
2025-03-30 15:21:23,point,executed,point,successful
2025-03-30 15:21:24,wave,executed,wave,successful
2025-03-30 15:21:26,point,executed,point,successful
2025-03-30 15:21:26,wave,executed,wave,successful
2025-03-30 15:21:28,point,executed,point,successful
2025-03-30 15:21:28,wave,executed,wave,successful
2025-03-30 15:21:30,point,executed,point,successful
2025-03-30 15:21:31,wave,executed,wave,successful
2025-03-30 15:21:33,point,executed,point,successful
2025-03-30 15:21:34,wave,executed,wave,successful
2025-03-30 15:21:35,point,executed,point,successful
2025-03-30 15:21:36,wave,executed,wave,successful
2025-03-30 15:21:38,point,executed,point,successful
2025-03-30 15:21:39,wave,executed,wave,successful
2025-03-30 15:21:40,point,executed,point,successful
2025-03-30 15:21:41,peace,executed,peace,successful
2025-03-30 15:21:41,point,executed,point,successful
2025-03-30 15:21:42,peace,executed,peace,successful
2025-03-30 15:21:43,point,executed,point,successful
2025-03-30 15:21:44,wave,executed,wave,successful
2025-03-30 15:21:46,peace,executed,peace,successful
2025-03-30 15:21:46,point,executed,point,successful
2025-03-30 15:21:47,peace,executed,peace,successful
2025-03-30 15:21:47,point,executed,point,successful
2025-03-30 15:21:48,peace,executed,peace,successful
2025-03-30 15:21:49,point,executed,point,successful
2025-03-30 15:21:50,peace,executed,peace,successful
2025-03-30 15:21:51,point,executed,point,successful
2025-03-30 15:21:52,peace,executed,peace,successful
2025-03-30 15:21:53,point,executed,point,successful
2025-03-30 15:21:53,peace,executed,peace,successful
2025-03-30 15:21:53,point,executed,point,successful
2025-03-30 15:21:54,peace,executed,peace,successful
2025-03-30 15:21:54,point,executed,point,successful
2025-03-30 15:21:55,peace,executed,peace,successful
2025-03-30 15:21:55,point,executed,point,successful
2025-03-30 15:21:56,peace,executed,peace,successful
2025-03-30 15:21:56,point,executed,point,successful
2025-03-30 15:21:57,peace,executed,peace,successful
2025-03-30 15:21:57,point,executed,point,successful
2025-03-30 15:22:00,wave,executed,wave,successful
2025-03-30 15:22:02,wave,executed,wave,successful
2025-03-30 15:22:03,peace,executed,peace,successful
2025-03-30 15:22:04,wave,executed,wave,successful
